{
  "controller/Object.controller.js": 1644049977634,
  "utils/locate-reuse-libs.js": 1644049977622,
  "manifest.json": 1644050147481,
  "model/models.js": 1644049977618,
  "model/formatter.js": 1644049977642,
  "controller/Worklist.controller.js": 1644049977638,
  "i18n/i18n.properties": 1644049987710,
  "controller/NotFound.controller.js": 1644049977634,
  "controller/ErrorHandler.js": 1644049977634,
  "controller/BaseController.js": 1644049977630,
  "controller/App.controller.js": 1644049977626,
  "Component.js": 1644049977614,
  "manifest-bundle.zip": 1644050147495,
  "Component-preload.js": 1644050147874,
  "model/models-dbg.js": 1644049977618,
  "utils/locate-reuse-libs-dbg.js": 1644049977622,
  "model/formatter-dbg.js": 1644049977642,
  "controller/Worklist-dbg.controller.js": 1644049977638,
  "controller/Object-dbg.controller.js": 1644049977634,
  "controller/NotFound-dbg.controller.js": 1644049977634,
  "controller/ErrorHandler-dbg.js": 1644049977634,
  "controller/BaseController-dbg.js": 1644049977630,
  "controller/App-dbg.controller.js": 1644049977626,
  "Component-dbg.js": 1644049977614,
  "view/Worklist.view.xml": 1644049977654,
  "view/ObjectNotFound.view.xml": 1644049977650,
  "view/Object.view.xml": 1644049977650,
  "view/NotFound.view.xml": 1644049977646,
  "view/App.view.xml": 1644049977642,
  "index.html": 1644049977614
}